Workbook

Sheet Datos
D1: Datos de ejemplo
D3: PLANTILLA CORPORATIVA STGND · Fuente editable para alimentar el dashboard y reutilizar fórmulas
A6: DATOS BASE · 2024 / 2025
A7: Categoría | B7: 2024 | C7: 2025 | D7: Variación | E7: Variación % | F7: Participación 2025 | G7: Nota
A8: Atención | B8: 62 | C8: 82 | D8: =C8-B8 -> 20 | E8: =IFERROR(D8/B8,0) -> 0.32258065 | F8: =IFERROR(C8/SUM($C$8:$C$12),0) -> 0.33884298
A9: Formación | B9: 54 | C9: 64 | D9: =C9-B9 -> 10 | E9: =IFERROR(D9/B9,0) -> 0.18518519 | F9: =IFERROR(C9/SUM($C$8:$C$12),0) -> 0.26446281
A10: Difusión | B10: 43 | C10: 47 | D10: =C10-B10 -> 4 | E10: =IFERROR(D10/B10,0) -> 0.093023256 | F10: =IFERROR(C10/SUM($C$8:$C$12),0) -> 0.19421488
A11: Estudios | B11: 28 | C11: 31 | D11: =C11-B11 -> 3 | E11: =IFERROR(D11/B11,0) -> 0.10714286 | F11: =IFERROR(C11/SUM($C$8:$C$12),0) -> 0.12809917
A12: Coordinación | B12: 15 | C12: 18 | D12: =C12-B12 -> 3 | E12: =IFERROR(D12/B12,0) -> 0.2 | F12: =IFERROR(C12/SUM($C$8:$C$12),0) -> 0.074380165
A13: Total | B13: =SUM(B8:B12) -> 202 | C13: =SUM(C8:C12) -> 242 | D13: =C13-B13 -> 40 | E13: =IFERROR(D13/B13,0) -> 0.1980198 | F13: =SUM(F8:F12) -> 1

Sheet Tabla · carga
D1: Tabla de carga
D3: PLANTILLA CORPORATIVA STGND · Hoja neutra para pegar bases de datos conservando un formato corporativo limpio
A6: PEGUE DATOS DESDE LA FILA 9 · NO REEMPLACE LA CABECERA
A8: ID | B8: Categoría | C8: Subcategoría | D8: Fecha | E8: Valor | F8: Unidad | G8: Fuente | H8: Valores
A20: Total | H20: =SUBTOTAL(103,Tabla2[Valores]) -> 0
A36: TIP · Si pega desde otra fuente, use “Pegar valores” para conservar la hoja de estilos.

Sheet Tabla · informe
D1: Tabla para informes
D3: PLANTILLA CORPORATIVA STGND · Estructura editorial para reportes, minutas y documentos institucionales
A6: FORMATO EDITORIAL · COPIAR BLOQUE COMPLETO
